{"cameraMode":{"drawMode":0,"name":"Shaded","section":"Shading Mode"},"sceneLighting":true,"audioPlay":false,"sceneViewState":{"showFog":true,"showMaterialUpdate":true,"showSkybox":true,"showFlares":true,"showImageEffects":true,"showParticleSystems":true},"in2DMode":false,"pivot":{"x":2.1866276264190676,"y":1.8489817380905152,"z":-0.41139766573905947},"rotation":{"x":-0.042780801653862,"y":0.9502783417701721,"z":-0.15122047066688538,"w":-0.26883700489997866},"size":10.0,"orthographic":false}